Rank,Club,Country,Level,Elo,From,To
1,Liverpool,ENG,1,1993.41772461,2025-08-16,2025-08-25
2,Arsenal,ENG,1,1993.34033203,2025-08-18,2025-08-23
3,Paris SG,FRA,1,1970.16625977,2025-08-18,2025-08-22
4,Man City,ENG,1,1959.94421387,2025-08-17,2025-08-23
5,Barcelona,ESP,1,1945.43066406,2025-08-17,2025-08-23
6,Real Madrid,ESP,1,1936.12731934,2025-06-01,2025-08-19
7,Inter,ITA,1,1933.24267578,2025-06-01,2025-08-25
8,Bayern,GER,1,1918.99780273,2025-05-18,2025-08-22
9,Chelsea,ENG,1,1902.80102539,2025-08-18,2025-08-22
10,Aston Villa,ENG,1,1872.8392334,2025-08-17,2025-08-23
11,Newcastle,ENG,1,1868.55273438,2025-08-17,2025-08-25
12,Atletico,ESP,1,1855.34973145,2025-08-18,2025-08-23
13,Leverkusen,GER,1,1848.78613281,2025-05-18,2025-08-23
14,Atalanta,ITA,1,1842.22387695,2025-06-01,2025-08-24
15,Napoli,ITA,1,1838.37194824,2025-06-01,2025-08-23
16,Crystal Palace,ENG,1,1835.0402832,2025-08-18,2025-08-21
17,Brighton,ENG,1,1827.12902832,2025-08-17,2025-08-24
18,Roma,ITA,1,1819.66003418,2025-06-01,2025-08-23
19,Dortmund,GER,1,1818.35009766,2025-05-26,2025-08-23
20,Benfica,POR,1,1816.18579102,2025-08-17,2025-08-20
21,Brentford,ENG,1,1811.27429199,2025-08-18,2025-08-23
22,Bournemouth,ENG,1,1808.09521484,2025-08-16,2025-08-23
23,Juventus,ITA,1,1805.84680176,2025-08-13,2025-08-24
24,Sporting,POR,1,1803.23999023,2025-08-18,2025-08-23
25,Forest,ENG,1,1802.86804199,2025-08-18,2025-08-24
26,PSV,NED,1,1799.59411621,2025-08-18,2025-08-23
27,Man United,ENG,1,1799.46289062,2025-08-18,2025-08-24
28,Everton,ENG,1,1793.97973633,2025-08-07,2025-08-18
29,Bilbao,ESP,1,1789.30944824,2025-08-18,2025-08-25
30,Milan,ITA,1,1786.90820312,2025-06-01,2025-08-23
31,Villarreal,ESP,1,1785.54638672,2025-08-16,2025-08-24
32,Fulham,ENG,1,1781.72058105,2025-08-17,2025-08-24
33,Lille,FRA,1,1777.27734375,2025-08-18,2025-08-24
34,Tottenham,ENG,1,1774.00671387,2025-08-17,2025-08-23
35,Lazio,ITA,1,1770.40881348,2025-06-01,2025-08-24
36,Monaco,FRA,1,1757.35461426,2025-08-17,2025-08-24
37,Fiorentina,ITA,1,1756.97192383,2025-06-01,2025-08-24
38,Marseille,FRA,1,1751.7565918,2025-08-16,2025-08-23
39,Bologna,ITA,1,1750.82446289,2025-08-01,2025-08-23
40,West Ham,ENG,1,1750.13244629,2025-08-17,2025-08-22
41,Frankfurt,GER,1,1745.7578125,2025-08-13,2025-08-23
42,Brugge,BEL,1,1743.17053223,2025-08-17,2025-08-19
43,Betis,ESP,1,1742.14355469,2025-08-02,2025-08-18
44,Lyon,FRA,1,1739.85778809,2025-08-17,2025-08-23
45,Wolves,ENG,1,1735.76245117,2025-08-17,2025-08-23
46,St Gillis,BEL,1,1731.19714355,2025-08-17,2025-08-25
47,Burnley,ENG,1,1729.59765625,2025-08-17,2025-08-23
48,Leeds,ENG,1,1722.36010742,2025-08-13,2025-08-18
49,Galatasaray,TUR,1,1721.10742188,2025-08-16,2025-08-25
50,Feyenoord,NED,1,1720.74560547,2025-08-17,2025-08-25
51,Stuttgart,GER,1,1719.31469727,2025-08-13,2025-08-23
52,RB Leipzig,GER,1,1716.37451172,2025-08-13,2025-08-22
53,Fenerbahce,TUR,1,1707.73742676,2025-08-17,2025-08-20
54,Mainz,GER,1,1706.18273926,2025-08-08,2025-08-24
55,Nice,FRA,1,1702.453125,2025-08-17,2025-08-23
56,Strasbourg,FRA,1,1702.23632812,2025-08-18,2025-08-21
57,Osasuna,ESP,1,1697.22412109,2025-08-13,2025-08-19
58,Porto,POR,1,1697.07568359,2025-08-15,2025-08-18
59,Slavia Praha,CZE,1,1692.14526367,2025-08-17,2025-08-25
60,Celta,ESP,1,1689.27087402,2025-08-18,2025-08-23
61,Lens,FRA,1,1688.44934082,2025-08-17,2025-08-24
62,Freiburg,GER,1,1684.3404541,2025-08-13,2025-08-23
63,Celtic,SCO,1,1684.32141113,2025-08-15,2025-08-20
64,Valencia,ESP,1,1679.41589355,2025-08-17,2025-08-24
65,Werder,GER,1,1677.4543457,2025-08-08,2025-08-23
66,Torino,ITA,1,1675.24291992,2025-08-13,2025-08-25
67,Brest,FRA,1,1674.33398438,2025-08-18,2025-08-24
68,Braga,POR,1,1673.7244873,2025-08-18,2025-08-21
69,Olympiakos,GRE,1,1672.03125,2025-08-15,2025-08-25
70,Sociedad,ESP,1,1667.32043457,2025-08-17,2025-08-24
71,Ajax,NED,1,1665.2487793,2025-08-18,2025-08-24
72,Genoa,ITA,1,1664.06433105,2025-08-15,2025-08-23
73,Rennes,FRA,1,1658.7142334,2025-08-16,2025-08-24
74,Rayo Vallecano,ESP,1,1658.47619629,2025-08-16,2025-08-25
75,Zenit,RUS,1,1657.46362305,2025-08-07,2025-08-25
76,Toulouse,FRA,1,1649.13671875,2025-08-17,2025-08-24
77,Como,ITA,1,1648.34375,2025-06-01,2025-08-24
78,FC Kobenhavn,DEN,1,1646.6932373,2025-08-16,2025-08-20
79,Wolfsburg,GER,1,1645.72399902,2025-08-15,2025-08-23
80,Alaves,ESP,1,1644.1192627,2025-08-17,2025-08-22
81,Mallorca,ESP,1,1641.24841309,2025-08-17,2025-08-23
82,Sevilla,ESP,1,1637.12219238,2025-08-18,2025-08-25
83,Girona,ESP,1,1637.03515625,2025-08-16,2025-08-24
84,Espanyol,ESP,1,1634.66186523,2025-08-18,2025-08-24
85,Alkmaar,NED,1,1632.49572754,2025-08-18,2025-08-21
86,Gladbach,GER,1,1632.47961426,2025-08-15,2025-08-24
87,Getafe,ESP,1,1625.76000977,2025-08-18,2025-08-25
88,Auxerre,FRA,1,1624.3302002,2025-08-18,2025-08-23
89,Leicester,ENG,2,1622.39172363,2025-08-17,2025-08-25
90,Bodoe Glimt,NOR,1,1622.10412598,2025-08-16,2025-08-20
91,Udinese,ITA,1,1620.25671387,2025-08-15,2025-08-25
92,FC Krasnodar,RUS,1,1619.69165039,2025-08-15,2025-08-25
93,Augsburg,GER,1,1618.65966797,2025-08-15,2025-08-23
94,Union Berlin,GER,1,1617.16516113,2025-08-15,2025-08-23
95,Rangers,SCO,1,1615.33886719,2025-08-15,2025-08-19
96,Genk,BEL,1,1612.74133301,2025-08-16,2025-08-21
97,Levante,ESP,1,1610.27526855,2025-08-17,2025-08-23
98,Hoffenheim,GER,1,1605.8404541,2025-08-13,2025-08-23
99,Crvena Zvezda,SRB,1,1604.89794922,2025-08-16,2025-08-19
100,Midtjylland,DEN,1,1603.76745605,2025-08-18,2025-08-21
None,Utrecht,NED,1,1603.27941895,2025-08-18,2025-08-21
None,Parma,ITA,1,1602.97509766,2025-08-15,2025-08-24
None,Cagliari,ITA,1,1602.27929688,2025-08-15,2025-08-24
None,Sheffield United,ENG,2,1601.63830566,2025-08-17,2025-08-25
None,Leganes,ESP,2,1599.02905273,2025-08-18,2025-08-25
None,Sassuolo,ITA,2,1596.90942383,2025-06-01,2025-08-23
None,Viktoria Plzen,CZE,1,1596.31750488,2025-08-17,2025-08-19
None,Verona,ITA,1,1595.0670166,2025-06-01,2025-08-25
None,Lorient,FRA,1,1590.81933594,2025-08-18,2025-08-24
None,Ipswich,ENG,2,1587.79821777,2025-08-18,2025-08-25
None,Oviedo,ESP,1,1587.671875,2025-08-16,2025-08-24
None,Elche,ESP,1,1584.90905762,2025-07-06,2025-08-18
None,Lecce,ITA,1,1583.05090332,2025-06-01,2025-08-23
None,Sparta Praha,CZE,1,1582.74682617,2025-08-18,2025-08-21
None,Nantes,FRA,1,1582.18139648,2025-08-18,2025-08-24
None,CSKA Moskva,RUS,1,1581.68457031,2025-07-22,2025-08-25
None,Reims,FRA,2,1581.21228027,2025-08-17,2025-08-25
None,Anderlecht,BEL,1,1580.5534668,2025-08-18,2025-08-24
None,Guimaraes,POR,1,1580.00695801,2025-08-17,2025-08-25
None,Empoli,ITA,1,1577.66186523,2025-06-01,2025-08-25
None,Spartak Moskva,RUS,1,1577.27172852,2025-07-20,2025-08-25
None,St Pauli,GER,1,1577.10717773,2025-05-18,2025-08-23
None,Metz,FRA,1,1571.00402832,2025-08-18,2025-08-23
None,Twente,NED,1,1567.17529297,2025-08-18,2025-08-24
None,Las Palmas,ESP,2,1563.50219727,2025-08-18,2025-08-25
None,Brondby,DEN,1,1563.02575684,2025-08-18,2025-08-21
None,Mirandes,ESP,2,1560.61938477,2025-08-18,2025-08-23
None,Southampton,ENG,2,1559.00683594,2025-08-18,2025-08-25
None,Heidenheim,GER,1,1558.72509766,2025-05-18,2025-08-23
None,Salzburg,AUT,1,1557.80322266,2025-08-17,2025-08-23
None,Venezia,ITA,1,1557.5645752,2025-06-01,2025-08-25
None,Hamburg,GER,1,1554.54528809,2025-07-06,2025-08-24
None,PAOK,GRE,1,1553.92871094,2025-08-15,2025-08-21
None,Dynamo Moskva,RUS,1,1553.48913574,2025-07-19,2025-08-25
None,Koeln,GER,1,1552.19458008,2025-07-06,2025-08-24
None,Antwerp,BEL,1,1549.25817871,2025-08-18,2025-08-24
None,Le Havre,FRA,1,1548.77050781,2025-08-17,2025-08-24
None,Shakhtar,UKR,1,1548.45336914,2025-08-18,2025-08-25
None,Sunderland,ENG,1,1547.09899902,2025-08-17,2025-08-23
None,Sturm Graz,AUT,1,1545.16564941,2025-08-17,2025-08-20
None,Bristol City,ENG,2,1544.11413574,2025-08-17,2025-08-25
None,West Brom,ENG,2,1544.08508301,2025-08-17,2025-08-25
None,Almeria,ESP,2,1543.83959961,2025-06-12,2025-08-18
None,Coventry,ENG,2,1543.39794922,2025-08-17,2025-08-25
None,Cremonese,ITA,2,1541.86706543,2025-06-02,2025-08-23
None,AEK,GRE,1,1539.83032227,2025-08-15,2025-08-25
None,Paris FC,FRA,1,1538.36791992,2025-08-18,2025-08-23
None,Rakow,POL,1,1537.6595459,2025-08-18,2025-08-21
None,Middlesbrough,ENG,2,1537.41906738,2025-08-17,2025-08-25
None,Millwall,ENG,2,1534.3314209,2025-08-17,2025-08-25
None,Lok Moskva,RUS,1,1534.22094727,2025-07-20,2025-08-25
None,Famalicao,POR,1,1533.60742188,2025-08-17,2025-08-25
None,Angers,FRA,1,1533.47338867,2025-08-18,2025-08-22
None,Bochum,GER,2,1532.87695312,2025-08-11,2025-08-23
None,Pisa,ITA,2,1531.47106934,2025-06-01,2025-08-24
None,Granada,ESP,2,1530.59716797,2025-08-17,2025-08-22
None,Ferencvaros,HUN,1,1530.44787598,2025-08-17,2025-08-19
None,Panathinaikos,GRE,1,1528.00305176,2025-08-15,2025-08-21
None,Saint-Etienne,FRA,2,1526.96191406,2025-08-17,2025-08-25
None,Eibar,ESP,2,1525.10388184,2025-08-17,2025-08-22
None,Spezia,ITA,2,1523.2590332,2025-06-02,2025-08-25
None,Lech,POL,1,1522.57958984,2025-08-17,2025-08-21
None,Santander,ESP,2,1522.47363281,2025-08-17,2025-08-25
None,Mjaellby,SWE,1,1520.79174805,2025-08-18,2025-08-25
None,Cadiz,ESP,2,1520.49841309,2025-08-18,2025-08-25
None,Dinamo Zagreb,CRO,1,1519.91430664,2025-08-17,2025-08-25
None,Viking,NOR,1,1519.19726562,2025-08-15,2025-08-25
None,Monza,ITA,1,1519.14416504,2025-06-01,2025-08-25
None,M Tel Aviv,ISR,1,1518.93493652,2025-08-15,2025-08-21
None,Hammarby,SWE,1,1518.41552734,2025-08-18,2025-08-24
None,Paphos,CYP,0,1515.12341309,2025-08-15,2025-08-19
None,Besiktas,TUR,1,1511.49743652,2025-08-18,2025-08-24
None,Nijmegen,NED,1,1511.4720459,2025-08-17,2025-08-24
None,Holstein,GER,2,1510.75854492,2025-08-11,2025-08-24
None,Karabakh Agdam,AZE,0,1509.39672852,2025-08-15,2025-08-19
None,Basel,SUI,1,1508.03588867,2025-08-15,2025-08-20
None,Swansea,ENG,2,1506.48706055,2025-08-17,2025-08-25
None,Blackburn,ENG,2,1506.39135742,2025-08-17,2025-08-25
None,Legia,POL,1,1504.21130371,2025-08-18,2025-08-21
None,Jablonec,CZE,1,1503.49743652,2025-08-17,2025-08-25
None,Huesca,ESP,2,1501.46789551,2025-08-18,2025-08-23
None,Mechelen,BEL,1,1500.79772949,2025-08-17,2025-08-24
None,Malmoe,SWE,1,1500.43933105,2025-08-17,2025-08-21
None,Nordsjaelland,DEN,1,1499.00317383,2025-08-16,2025-08-25
None,Paderborn,GER,2,1498.50732422,2025-08-09,2025-08-23
None,Norwich,ENG,2,1497.75891113,2025-08-17,2025-08-25
None,Go Ahead Eagles,NED,1,1497.68444824,2025-08-18,2025-08-23
None,Elversberg,GER,2,1497.43920898,2025-08-11,2025-08-22
None,Charleroi,BEL,1,1497.27697754,2025-08-18,2025-08-25
None,Dynamo Kyiv,UKR,1,1497.24377441,2025-08-17,2025-08-21
None,Albacete,ESP,2,1496.5090332,2025-06-02,2025-08-18
None,Bueyueksehir,TUR,1,1496.29699707,2025-08-18,2025-08-21
None,Banik Ostrava,CZE,1,1496.2668457,2025-08-18,2025-08-21
None,Hull,ENG,2,1495.1640625,2025-08-18,2025-08-25
None,Elfsborg,SWE,1,1494.25720215,2025-08-17,2025-08-24
None,Brann,NOR,1,1493.80895996,2025-08-18,2025-08-21
None,Santa Clara,POR,1,1492.36291504,2025-08-18,2025-08-21
None,Hannover,GER,2,1492.12426758,2025-08-10,2025-08-23
None,Jagiellonia,POL,1,1492.03015137,2025-08-18,2025-08-21
None,Karlsruhe,GER,2,1490.94750977,2025-08-11,2025-08-23
None,QPR,ENG,2,1490.68347168,2025-08-17,2025-08-25
None,Sparta Rotterdam,NED,1,1489.81835938,2025-08-18,2025-08-23
None,Arouca,POR,1,1488.99938965,2025-08-18,2025-08-23
None,Trabzonspor,TUR,1,1488.86914062,2025-08-15,2025-08-18
None,Portsmouth,ENG,2,1487.92797852,2025-08-17,2025-08-25
None,Gijon,ESP,2,1487.59106445,2025-06-01,2025-08-18
None,Stoke,ENG,2,1485.82080078,2025-08-17,2025-08-25
None,Young Boys,SUI,1,1484.96508789,2025-08-15,2025-08-21
None,Sheffield Weds,ENG,2,1484.62475586,2025-08-17,2025-08-25
None,Razgrad,BUL,1,1481.2701416,2025-08-18,2025-08-21
None,Montpellier,FRA,2,1481.16748047,2025-08-13,2025-08-18
None,Larnaca,CYP,0,1480.90917969,2025-08-15,2025-08-21
None,Beer-Sheva,ISR,1,1479.32458496,2025-08-15,2025-08-25
None,Randers,DEN,1,1478.59533691,2025-08-18,2025-08-24
None,Estoril,POR,1,1477.55065918,2025-08-17,2025-08-25
None,Omonia,CYP,0,1476.96606445,2025-08-15,2025-08-21
None,Moreirense,POR,1,1476.41394043,2025-08-18,2025-08-25
None,Burgos,ESP,2,1473.21594238,2025-08-16,2025-08-25
None,Steaua,ROM,1,1473.07446289,2025-08-18,2025-08-21
None,Zwolle,NED,1,1471.4519043,2025-08-16,2025-08-24
None,Preston,ENG,2,1471.16577148,2025-08-17,2025-08-25
None,Frosinone,ITA,2,1470.95251465,2025-06-01,2025-08-25
None,Aris Limassol,CYP,0,1470.76147461,2025-08-15,2025-08-25
None,Duesseldorf,GER,2,1470.67443848,2025-08-10,2025-08-23
None,Darmstadt,GER,2,1469.79663086,2025-08-09,2025-08-24
None,Gent,BEL,1,1469.50390625,2025-08-17,2025-08-24
None,CFR Cluj,ROM,1,1468.51452637,2025-08-18,2025-08-21
None,Casa Pia,POR,1,1467.90039062,2025-08-16,2025-08-25
None,Palermo,ITA,2,1467.56677246,2025-06-01,2025-08-25
None,Valladolid,ESP,2,1467.32788086,2025-08-16,2025-08-25
None,Cordoba,ESP,2,1467.14440918,2025-06-02,2025-08-18
None,Aarhus,DEN,1,1466.84350586,2025-08-15,2025-08-18
None,Pogon,POL,1,1466.21728516,2025-08-18,2025-08-25
None,Rosenborg,NOR,1,1465.69287109,2025-08-15,2025-08-25
None,Djurgarden,SWE,1,1464.20593262,2025-08-18,2025-08-24
None,St Truiden,BEL,1,1464.20019531,2025-08-18,2025-08-25
None,Watford,ENG,2,1463.8918457,2025-08-17,2025-08-25
None,Viborg,DEN,1,1462.50708008,2025-08-18,2025-08-25
None,Castellon,ESP,2,1461.7409668,2025-08-17,2025-08-25
None,Wolfsberg,AUT,1,1461.63671875,2025-08-18,2025-08-21
None,Sampdoria,ITA,2,1461.56469727,2025-06-23,2025-08-25
None,Rio Ave,POR,1,1461.33496094,2025-08-18,2025-08-23
None,Catanzaro,ITA,2,1461.07910156,2025-06-01,2025-08-24
None,Rubin Kazan,RUS,1,1460.34338379,2025-07-21,2025-08-25
None,Depor,ESP,2,1458.74169922,2025-08-17,2025-08-25
None,Derby,ENG,2,1458.11486816,2025-08-17,2025-08-25
None,Guingamp,FRA,2,1457.10119629,2025-08-17,2025-08-25
None,Westerlo,BEL,1,1456.85119629,2025-08-18,2025-08-25
None,Gil Vicente,POR,1,1456.76428223,2025-08-15,2025-08-18
None,Samsunspor,TUR,1,1455.84460449,2025-08-17,2025-08-21
None,Magdeburg,GER,2,1453.06213379,2025-08-10,2025-08-23
None,Bastia,FRA,2,1452.60119629,2025-08-16,2025-08-25
None,Juve Stabia,ITA,2,1452.53833008,2025-06-01,2025-08-25
None,Craiova,ROM,1,1452.02380371,2025-08-18,2025-08-21
None,Oxford,ENG,2,1451.66162109,2025-08-18,2025-08-25
None,Hibernian,SCO,1,1451.56347656,2025-08-15,2025-08-21
None,Rostov,RUS,1,1451.55578613,2025-07-21,2025-08-25
None,Zaragoza,ESP,2,1450.09289551,2025-08-18,2025-08-25
None,Standard,BEL,1,1449.07983398,2025-08-17,2025-08-23
None,Malaga,ESP,2,1448.69726562,2025-08-17,2025-08-25
None,Austria Wien,AUT,1,1448.02844238,2025-08-18,2025-08-25
None,Silkeborg,DEN,1,1447.29797363,2025-08-18,2025-08-24
None,Hertha,GER,2,1446.24230957,2025-08-11,2025-08-24
None,Lautern,GER,2,1446.13830566,2025-08-10,2025-08-22
None,Molde,NOR,1,1445.71313477,2025-08-18,2025-08-25
None,Suedtirol,ITA,2,1444.71252441,2025-06-01,2025-08-24
None,Rapid Wien,AUT,1,1444.55566406,2025-08-18,2025-08-25
None,Troyes,FRA,2,1442.66918945,2025-08-16,2025-08-25
None,Heerenveen,NED,1,1440.52416992,2025-08-17,2025-08-24
None,Bari,ITA,2,1439.38378906,2025-06-01,2025-08-25
None,Cercle Brugge,BEL,1,1438.17956543,2025-08-18,2025-08-23
None,Dunkerque,FRA,2,1436.83239746,2025-08-17,2025-08-25
None,AIK,SWE,1,1435.57336426,2025-08-18,2025-08-24
None,Hearts,SCO,1,1435.3782959,2025-08-15,2025-08-23
None,Tromso,NOR,1,1433.91674805,2025-08-18,2025-08-25
None,Cesena,ITA,2,1433.63256836,2025-06-01,2025-08-25
None,Laval,FRA,2,1433.05554199,2025-08-16,2025-08-25
None,Rodez,FRA,2,1432.36669922,2025-08-17,2025-08-25
None,Aris,GRE,1,1431.77514648,2025-08-15,2025-08-25
None,Kasimpasa,TUR,1,1431.13134766,2025-08-15,2025-08-18
None,Charlton,ENG,2,1430.65478516,2025-08-17,2025-08-25
None,Cracovia,POL,1,1430.3918457,2025-08-16,2025-08-25
None,Maccabi Haifa,ISR,1,1425.85290527,2025-08-15,2025-08-23
None,Birmingham,ENG,2,1425.80541992,2025-08-17,2025-08-25
None,StGallen,SUI,1,1425.76000977,2025-08-15,2025-08-25
None,Andorra CF,ESP,2,1425.54956055,2025-08-18,2025-08-25
None,Ceuta,ESP,2,1425.54956055,2025-08-16,2025-08-25
None,Leonesa,ESP,2,1425.54956055,2025-08-16,2025-08-25
None,Sociedad B,ESP,2,1425.54956055,2025-08-18,2025-08-25
None,Levski,BUL,1,1424.03173828,2025-08-18,2025-08-21
None,Brescia,ITA,2,1424.00292969,2025-06-01,2025-08-25
None,Rijeka,CRO,1,1423.47058105,2025-08-17,2025-08-21
None,Alanyaspor,TUR,1,1423.26135254,2025-08-17,2025-08-25
None,Modena,ITA,2,1422.21105957,2025-06-01,2025-08-25
None,Servette,SUI,1,1421.54003906,2025-08-15,2025-08-23
None,Leuven,BEL,1,1420.90661621,2025-08-16,2025-08-24
None,Sittard,NED,1,1420.38317871,2025-08-18,2025-08-25
None,Konyaspor,TUR,1,1420.16247559,2025-08-18,2025-08-24
None,Annecy,FRA,2,1419.22509766,2025-08-17,2025-08-25
None,Slovan Liberec,CZE,1,1418.78540039,2025-08-18,2025-08-25
None,Wrexham,ENG,2,1418.76550293,2025-08-17,2025-08-25
None,Gornik,POL,1,1418.62451172,2025-08-18,2025-08-25
None,Goeztepe,TUR,1,1417.64819336,2025-08-17,2025-08-25
None,Celje,SVN,1,1417.18811035,2025-08-18,2025-08-21
None,Clermont,FRA,2,1416.38793945,2025-08-16,2025-08-25
None,Nuernberg,GER,2,1415.29772949,2025-08-09,2025-08-22
None,LASK,AUT,1,1414.95385742,2025-08-18,2025-08-23
None,Salernitana,ITA,2,1414.70874023,2025-06-23,2025-08-25
None,Hajduk,CRO,1,1413.61901855,2025-08-18,2025-08-25
None,Mantova,ITA,2,1411.92871094,2025-06-01,2025-08-25
None,Carrarese,ITA,2,1411.25695801,2025-06-01,2025-08-25
None,Schalke,GER,2,1410.35766602,2025-08-10,2025-08-23
None,Nacional,POR,1,1409.03613281,2025-08-18,2025-08-23
None,Piast Gliwice,POL,1,1408.85314941,2025-08-17,2025-08-25
None,Grenoble,FRA,2,1407.78393555,2025-08-16,2025-08-25
None,Reggiana,ITA,2,1407.28857422,2025-06-01,2025-08-25
None,Hradec Kralove,CZE,1,1407.25073242,2025-08-17,2025-08-25
None,Puskas Akademia,HUN,1,1406.58251953,2025-08-17,2025-08-25
None,Groningen,NED,1,1405.88330078,2025-08-17,2025-08-23
None,Lausanne,SUI,1,1405.44677734,2025-08-15,2025-08-25
None,Kayseri,TUR,1,1404.78137207,2025-08-18,2025-08-25
None,Muenster,GER,2,1404.43811035,2025-08-09,2025-08-22
None,Heracles,NED,1,1403.53564453,2025-08-17,2025-08-24
None,Fuerth,GER,2,1402.0859375,2025-08-10,2025-08-24
None,Partizan,SRB,1,1397.3470459,2025-08-15,2025-08-18
None,Radomiak,POL,1,1396.44128418,2025-08-18,2025-08-25
None,Slovan Bratislava,SLK,0,1395.92114258,2025-08-15,2025-08-21
None,GAIS,SWE,1,1395.64343262,2025-08-18,2025-08-25
None,Pau,FRA,2,1395.14221191,2025-08-16,2025-08-25
None,Dender,BEL,1,1394.31408691,2025-08-18,2025-08-24
None,Braunschweig,GER,2,1393.29174805,2025-08-10,2025-08-23
None,Korona,POL,1,1390.62670898,2025-08-17,2025-08-25
None,Amiens,FRA,2,1390.35339355,2025-08-16,2025-08-25
None,Kryliya Sovetov,RUS,1,1390.16918945,2025-07-20,2025-08-25
None,Sigma Olomouc,CZE,1,1389.83886719,2025-08-17,2025-08-21
None,Olimpija Ljubljana,SVN,1,1388.61779785,2025-08-18,2025-08-25
None,Rizespor,TUR,1,1387.15075684,2025-08-17,2025-08-24
None,KFUM Oslo,NOR,1,1386.38842773,2025-08-18,2025-08-25
None,Zuerich,SUI,1,1385.38830566,2025-08-15,2025-08-25
None,Rapid Bucuresti,ROM,1,1385.26159668,2025-08-18,2025-08-22
None,Fredrikstad,NOR,1,1384.35095215,2025-08-15,2025-08-21
None,Tondela,POR,1,1383.53723145,2025-08-17,2025-08-25
None,Estrela Amadora,POR,1,1383.40014648,2025-08-17,2025-08-25
None,Haecken,SWE,1,1382.90234375,2025-08-18,2025-08-21
None,Paksi,HUN,1,1382.00927734,2025-08-18,2025-08-24
None,Alverca,POR,1,1381.83532715,2025-08-18,2025-08-25
None,Bielefeld,GER,2,1381.33728027,2025-08-11,2025-08-24
None,St Mirren,SCO,1,1379.4744873,2025-08-15,2025-08-24
None,Antalyaspor,TUR,1,1379.14770508,2025-08-18,2025-08-25
None,Gaziantep FK,TUR,1,1378.99682617,2025-08-18,2025-08-25
None,Sarpsborg,NOR,1,1378.23132324,2025-08-18,2025-08-25
None,Red Star,FRA,2,1377.8371582,2025-08-16,2025-08-25
None,Goeteborg,SWE,1,1377.45922852,2025-08-18,2025-08-24
None,Le Mans,FRA,2,1377.38842773,2025-08-13,2025-08-18
None,Baltika,RUS,1,1376.85705566,2025-07-19,2025-08-25
None,Nancy,FRA,2,1376.75488281,2025-08-16,2025-08-25
None,Sandefjord,NOR,1,1375.03503418,2025-08-18,2025-08-25
None,Luzern,SUI,1,1374.19250488,2025-08-15,2025-08-25
None,Boulogne,FRA,2,1373.44116211,2025-08-16,2025-08-25
None,SonderjyskE,DEN,1,1373.20788574,2025-08-16,2025-08-24
None,Katowice,POL,1,1370.50915527,2025-08-17,2025-08-25
None,Eyupspor,TUR,1,1369.46569824,2025-08-18,2025-08-25
None,Widzew,POL,1,1368.19812012,2025-08-16,2025-08-25
None,Cittadella,ITA,2,1367.74035645,2025-06-01,2025-08-25
None,Terek Grozny,RUS,1,1366.85632324,2025-07-21,2025-08-25
None,Hartberg,AUT,1,1366.44360352,2025-08-17,2025-08-25
None,Lugano,SUI,1,1366.43103027,2025-08-15,2025-08-25
None,Sochi,RUS,1,1365.30834961,2025-07-20,2025-08-25
None,Vejle,DEN,1,1363.76953125,2025-08-18,2025-08-25
None,Maribor,SVN,1,1360.53161621,2025-08-17,2025-08-25
None,Plock,POL,1,1359.85107422,2025-08-18,2025-08-25
None,Odense,DEN,1,1359.81530762,2025-08-15,2025-08-18
None,AVS Futebol,POR,1,1359.21386719,2025-08-16,2025-08-25
None,Fredericia,DEN,1,1359.05200195,2025-08-16,2025-08-24
None,Motor Lublin,POL,1,1358.16149902,2025-08-17,2025-08-25
None,Gyoer,HUN,1,1357.00354004,2025-08-18,2025-08-25
None,Cosenza,ITA,2,1354.60180664,2025-06-01,2025-08-25
None,Nieciecza,POL,1,1353.37756348,2025-08-18,2025-08-25
None,Sion,SUI,1,1353.33898926,2025-08-15,2025-08-23
None,CSKA Sofia,BUL,1,1352.53503418,2025-08-15,2025-08-18
None,Teplice,CZE,1,1351.69104004,2025-08-17,2025-08-25
None,Volendam,NED,1,1351.3717041,2025-08-18,2025-08-23
None,Akron Togliatti,RUS,1,1350.44152832,2025-07-20,2025-08-25
None,Karvina,CZE,1,1349.59570312,2025-08-18,2025-08-25
None,Breda,NED,1,1349.37036133,2025-08-18,2025-08-24
None,Universitatea Cluj,ROM,1,1348.82128906,2025-08-15,2025-08-18
None,Lubin,POL,1,1348.3614502,2025-08-16,2025-08-25
None,Mlada Boleslav,CZE,1,1347.81054688,2025-08-17,2025-08-19
None,FK Astana,KAZ,0,1347.21520996,2025-08-15,2025-08-25
None,Orenburg,RUS,1,1346.83630371,2025-07-22,2025-08-25
None,Aberdeen,SCO,1,1346.77111816,2025-08-15,2025-08-21
None,Telstar,NED,1,1345.18273926,2025-08-16,2025-08-23
None,Hapoel Haifa,ISR,1,1343.95324707,2025-08-15,2025-08-25
None,Trnava,SLK,0,1343.61083984,2025-08-15,2025-08-25
None,Zilina,SLK,0,1343.32336426,2025-08-15,2025-08-25
None,Dynamo Makhachkala,RUS,1,1343.25708008,2025-07-20,2025-08-25
None,Kilmarnock,SCO,1,1342.2956543,2025-08-15,2025-08-23
None,Fatih Karaguemruek,TUR,1,1342.22436523,2025-08-16,2025-08-25
None,Bohemians Praha,CZE,1,1342.10681152,2025-08-18,2025-08-25
None,Excelsior,NED,1,1340.0769043,2025-08-17,2025-08-24
None,Istra 1961,CRO,1,1339.72094727,2025-08-16,2025-08-25
None,Kocaelispor,TUR,1,1338.98522949,2025-08-17,2025-08-25
None,Cherno More,BUL,1,1338.60852051,2025-08-17,2025-08-25
None,Genclerbirligi,TUR,1,1338.37060547,2025-08-18,2025-08-25
None,IK Sirius,SWE,1,1338.05371094,2025-08-18,2025-08-24
None,Sheriff Tiraspol,MOL,0,1337.39282227,2025-08-15,2025-08-25
None,Viitorul,ROM,1,1337.04016113,2025-08-15,2025-08-18
None,Lechia,POL,1,1336.90319824,2025-08-16,2025-08-25
None,Zulte Waregem,BEL,1,1336.47277832,2025-08-17,2025-08-25
None,Polissya Zhytomyr,UKR,1,1335.26208496,2025-08-18,2025-08-25
None,Motherwell,SCO,1,1335.24938965,2025-08-15,2025-08-23
None,Kosice,SLK,0,1334.27197266,2025-08-15,2025-08-25
None,Atromitos,GRE,1,1332.4107666,2025-08-15,2025-08-25
None,Osijek,CRO,1,1330.92541504,2025-08-18,2025-08-25
None,Arka,POL,1,1330.33068848,2025-08-17,2025-08-25
None,Dresden,GER,2,1329.25195312,2025-08-10,2025-08-24
None,Lok Zagreb,CRO,1,1328.31677246,2025-08-17,2025-08-25
None,Levadeiakos,GRE,1,1327.17456055,2025-08-15,2025-08-25
None,Brommapojkarna,SWE,1,1326.85412598,2025-08-18,2025-08-24
None,Grasshoppers,SUI,1,1326.65917969,2025-08-15,2025-08-25
None,Olexandriya,UKR,1,1324.46398926,2025-08-17,2025-08-25
None,Koper,SVN,1,1324.27868652,2025-08-18,2025-08-25
None,Nizhny Novgorod,RUS,1,1323.47692871,2025-07-21,2025-08-25
None,Winterthur,SUI,1,1323.19921875,2025-08-15,2025-08-25
None,RAAL,BEL,1,1321.59545898,2025-08-18,2025-08-25
None,BW Linz,AUT,1,1321.49304199,2025-08-18,2025-08-23
None,Dundee United,SCO,1,1319.89086914,2025-08-15,2025-08-25
None,Ham-Kam,NOR,1,1319.75061035,2025-08-18,2025-08-25
None,Shamrock,IRL,0,1318.25976562,2025-08-15,2025-08-21
None,Slovacko,CZE,1,1316.7512207,2025-08-17,2025-08-25
None,Valerenga,NOR,1,1316.13476562,2025-08-18,2025-08-25
None,Dinamo Bucuresti,ROM,1,1313.20422363,2025-08-16,2025-08-23
None,Slaven Belupo,CRO,1,1313.00927734,2025-08-18,2025-08-25
None,Beitar,ISR,1,1312.69262695,2025-08-15,2025-08-25
None,UTA Arad,ROM,1,1312.17468262,2025-08-16,2025-08-22
None,Varazdin,CRO,1,1311.37768555,2025-08-18,2025-08-25
None,Hermannstadt,ROM,1,1309.65222168,2025-08-17,2025-08-25
None,Hapoel Jerusalem,ISR,1,1308.27526855,2025-08-15,2025-08-25
None,Debrecen,HUN,1,1307.01708984,2025-08-18,2025-08-25
None,Asteras Tripolis,GRE,1,1306.8104248,2025-08-15,2025-08-25
None,OFI,GRE,1,1304.50830078,2025-08-15,2025-08-25
None,Zira,AZE,0,1303.83068848,2025-08-15,2025-08-25
None,Kristiansund,NOR,1,1303.18823242,2025-08-18,2025-08-25
None,Bryne,NOR,1,1302.63464355,2025-08-18,2025-08-25
None,Dundee,SCO,1,1302.21887207,2025-08-15,2025-08-23
None,Arda,BUL,1,1301.8125,2025-08-15,2025-08-18
None,Wattens,AUT,1,1301.19567871,2025-08-17,2025-08-23
None,Thun,SUI,1,1301.0189209,2025-08-15,2025-08-25
None,Norrkoeping,SWE,1,1300.99145508,2025-08-17,2025-08-25
None,Altach,AUT,1,1300.3059082,2025-08-18,2025-08-25
None,Kryvbas,UKR,1,1299.88244629,2025-08-15,2025-08-18
None,MTK,HUN,1,1299.34936523,2025-08-18,2025-08-24
None,Tescoma Zlin,CZE,1,1298.94763184,2025-08-17,2025-08-25
None,Nakchivan,AZE,0,1297.95837402,2025-08-15,2025-08-25
None,Sabah,AZE,0,1295.90576172,2025-08-15,2025-08-25
None,Kolos,UKR,1,1295.58654785,2025-08-17,2025-08-25
None,Otelul Galati,ROM,1,1294.79980469,2025-08-15,2025-08-25
None,FK Riga,LAT,0,1294.65136719,2025-08-15,2025-08-21
None,Panetolikos,GRE,1,1293.53027344,2025-08-15,2025-08-25
None,Zorya,UKR,1,1290.97229004,2025-08-15,2025-08-18
None,Netanya,ISR,1,1290.93518066,2025-08-15,2025-08-25
None,Varnamo,SWE,1,1285.19604492,2025-08-15,2025-08-18
None,Stromsgodset,NOR,1,1282.50524902,2025-08-16,2025-08-25
None,Zrinjski Mostar,BHZ,0,1282.11938477,2025-08-15,2025-08-21
None,Kuopio,FIN,0,1282.03466797,2025-08-15,2025-08-21
None,Kairat,KAZ,0,1281.85717773,2025-08-15,2025-08-20
None,Dukla,CZE,1,1281.50622559,2025-08-17,2025-08-25
None,Zalaegerszegi,HUN,1,1281.20495605,2025-08-18,2025-08-25
None,St Patricks,IRL,0,1280.47900391,2025-08-15,2025-08-25
None,Vaduz,LIE,0,1278.70959473,2025-08-15,2025-08-25
None,Vikingur,ISL,0,1278.62451172,2025-08-15,2025-08-25
None,Petrolul Ploiesti,ROM,1,1277.68151855,2025-08-17,2025-08-25
None,Ujpest,HUN,1,1277.43811035,2025-08-16,2025-08-25
None,Ried,AUT,1,1274.21655273,2025-08-17,2025-08-23
None,Novi Sad,SRB,1,1273.31262207,2025-08-17,2025-08-25
None,Halmstad,SWE,1,1272.45446777,2025-08-17,2025-08-24
None,Rukh Lviv,UKR,1,1270.50952148,2025-08-16,2025-08-25
None,Botosani,ROM,1,1268.51965332,2025-08-18,2025-08-23
None,Diosgyori,HUN,1,1267.76696777,2025-08-17,2025-08-25
None,GAK,AUT,1,1267.43994141,2025-08-17,2025-08-25
None,Aarau,SUI,1,1265.57080078,2025-08-15,2025-08-25
None,Pyunik,ARM,0,1265.03051758,2025-08-15,2025-08-25
None,NFC Volos,GRE,1,1263.97424316,2025-08-15,2025-08-25
None,Ashdod,ISR,1,1262.72570801,2025-08-15,2025-08-25
None,Pardubice,CZE,1,1261.84191895,2025-08-18,2025-08-25
None,Backa Topola,SRB,1,1259.6472168,2025-08-18,2025-08-25
None,Bravo,SVN,1,1254.60192871,2025-08-17,2025-08-25
None,Bnei Sakhinin,ISR,1,1249.8536377,2025-08-15,2025-08-25
None,HNK Gorica,CRO,1,1249.78918457,2025-08-17,2025-08-25
None,Kalithea,GRE,1,1249.26660156,2025-08-15,2025-08-25
None,RFS,LAT,0,1247.30834961,2025-08-15,2025-08-25
None,Karpaty,UKR,1,1246.09362793,2025-08-17,2025-08-25
None,Shelbourne,IRL,0,1244.07299805,2025-08-15,2025-08-25
None,Oester,SWE,1,1243.65979004,2025-08-18,2025-08-25
None,Obolon Kyiv,UKR,1,1242.17858887,2025-08-16,2025-08-25
None,HJK Helsinki,FIN,0,1241.45788574,2025-08-15,2025-08-25
None,Panserraikos,GRE,1,1240.4576416,2025-08-15,2025-08-25
None,Unirea Slobozia,ROM,1,1239.35876465,2025-08-16,2025-08-22
None,Aktobe,KAZ,0,1238.98730469,2025-08-15,2025-08-25
None,Derry City,IRL,0,1236.11022949,2025-08-15,2025-08-25
None,Metalist 1925,UKR,1,1235.41174316,2025-08-17,2025-08-25
None,Livingston,SCO,1,1235.32495117,2025-08-15,2025-08-23
None,Noah,ARM,0,1233.68701172,2025-08-15,2025-08-25
None,LNZ,UKR,1,1227.89404297,2025-08-18,2025-08-25
None,Nyiregyhaza,HUN,1,1227.29077148,2025-08-18,2025-08-25
None,Kisvarda,HUN,1,1226.97290039,2025-08-16,2025-08-25
None,Ararat,ARM,0,1224.68566895,2025-08-15,2025-08-25
None,Haugesund,NOR,1,1222.32067871,2025-08-15,2025-08-25
None,Maccabi Bnei Raina,ISR,1,1219.76403809,2025-08-15,2025-08-23
None,CSKA 1948 Sofia,BUL,1,1218.2779541,2025-08-16,2025-08-25
None,Zeljeznicar,BHZ,0,1217.41394043,2025-08-15,2025-08-25
None,Shkendija,MAC,0,1216.39001465,2025-08-13,2025-08-21
None,Falkirk,SCO,1,1213.53796387,2025-08-15,2025-08-23
None,Breidablik,ISL,0,1213.17980957,2025-08-15,2025-08-25
None,Degerfors,SWE,1,1211.72705078,2025-08-15,2025-08-18
None,Kazincbarcika,HUN,1,1211.68103027,2025-08-17,2025-08-25
None,FK Sarajevo,BHZ,0,1210.89709473,2025-08-15,2025-08-25
None,Borac Banja Luka,BHZ,0,1210.48706055,2025-08-15,2025-08-25
None,Drita,KOS,0,1208.77905273,2025-08-15,2025-08-25
None,Arges Pitesti,ROM,1,1208.58398438,2025-08-15,2025-08-25
None,Lok Sofia,BUL,1,1206.28955078,2025-08-18,2025-08-25
None,Kragujevac,SRB,1,1205.48937988,2025-08-18,2025-08-25
None,Valur,ISL,0,1204.87963867,2025-08-15,2025-08-25
None,Ironi Tiberias,ISR,1,1204.70178223,2025-08-15,2025-08-25
None,Dinamo Minsk,BLR,0,1203.31384277,2025-08-15,2025-08-25
None,Veres,UKR,1,1203.15856934,2025-08-18,2025-08-25
None,M Petach Tikva,ISR,1,1200.82836914,2025-08-15,2025-08-25
None,Novi Pazar,SRB,1,1200.26171875,2025-08-17,2025-08-25
None,Ilves Tampere,FIN,0,1200.18383789,2025-08-15,2025-08-25
None,Csikszereda,ROM,1,1198.66308594,2025-08-18,2025-08-23
None,Ordabasy,KAZ,0,1197.83874512,2025-08-15,2025-08-25
None,Cukaricki,SRB,1,1196.36328125,2025-08-16,2025-08-25
None,Akureyri,ISL,0,1192.98754883,2025-08-15,2025-08-25
None,Lok Plovdiv,BUL,1,1192.1027832,2025-08-16,2025-08-25
None,Klaksvik,FAR,0,1189.43579102,2025-08-15,2025-08-25
None,Auda,LAT,0,1188.89953613,2025-08-15,2025-08-25
None,Botev Plovdiv,BUL,1,1188.69567871,2025-08-17,2025-08-25
None,Dinamo Tirana,ALB,0,1187.06005859,2025-08-15,2025-08-21
None,Metaloglobus,ROM,1,1185.37512207,2025-08-16,2025-08-22
None,Daugavpils,LAT,0,1181.75415039,2025-08-15,2025-08-25
None,Neman Grodno,BLR,0,1180.65148926,2025-08-15,2025-08-25
None,Seinajoki,FIN,0,1177.98535156,2025-08-15,2025-08-25
None,Kiryat Shmona,ISR,1,1175.92492676,2025-08-15,2025-08-25
None,Beroe Stara Zagora,BUL,1,1172.95092773,2025-08-17,2025-08-25
None,Ballkani,KOS,0,1172.2331543,2025-08-15,2025-08-25
None,Hapoel Eran Hadera,ISR,1,1170.11425781,2025-08-15,2025-08-25
None,Zalgiris Vilnius,LIT,0,1167.48083496,2025-08-15,2025-08-25
None,Primorje,SVN,1,1165.55859375,2025-08-16,2025-08-25
None,Radomlje,SVN,1,1164.98278809,2025-08-16,2025-08-25
None,Zeleznicar Pancevo,SRB,1,1161.4519043,2025-08-18,2025-08-25
None,Lamia,GRE,1,1160.65612793,2025-08-15,2025-08-25
None,Partizani Tirana,ALB,0,1160.1583252,2025-08-15,2025-08-25
None,Torpedo Kutaisi,GEO,0,1159.63708496,2025-08-01,2025-08-25
None,Petrocub,MOL,0,1159.47888184,2025-08-15,2025-08-25
None,Egnatia,ALB,0,1159.2310791,2025-08-15,2025-08-25
None,Banants,ARM,0,1157.76501465,2025-08-15,2025-08-25
None,Aluminij,SVN,1,1151.05541992,2025-08-18,2025-08-25
None,FC Spaeri,GEO,0,1150.31738281,2025-08-01,2025-08-25
None,Dila Gori,GEO,0,1149.46264648,2025-08-01,2025-08-25
None,Saburtalo,GEO,0,1149.43676758,2025-08-01,2025-08-25
None,Vllaznia,ALB,0,1147.20483398,2025-08-15,2025-08-25
None,Mura,SVN,1,1144.48010254,2025-08-17,2025-08-25
None,Kudrivka,UKR,1,1143.85083008,2025-08-15,2025-08-25
None,Spartak Varna,BUL,1,1143.82727051,2025-08-17,2025-08-25
None,Slavia Sofia,BUL,1,1139.13208008,2025-08-16,2025-08-25
None,SK Poltava,UKR,1,1135.03051758,2025-08-15,2025-08-25
None,Mladost Lucani,SRB,1,1134.95788574,2025-08-16,2025-08-25
None,Linfield,NIR,0,1131.64782715,2025-08-15,2025-08-25
None,Kauno Zalgiris,LIT,0,1131.26147461,2025-08-15,2025-08-25
None,IMT,SRB,1,1131.14318848,2025-08-15,2025-08-18
None,Flora Tallinn,EST,0,1130.33569336,2025-08-15,2025-08-25
None,OFK,SRB,1,1129.23596191,2025-08-18,2025-08-25
None,Levski Krumovgrad,BUL,1,1128.10400391,2025-08-15,2025-08-25
None,Domzale,SVN,1,1127.45129395,2025-08-17,2025-08-25
None,Dinamo Brest,BLR,0,1125.46850586,2025-08-15,2025-08-25
None,Episentr,UKR,1,1123.15515137,2025-08-17,2025-08-25
None,Zimbru,MOL,0,1121.7635498,2025-08-15,2025-08-25
None,Vukovar,CRO,1,1118.42687988,2025-08-16,2025-08-25
None,Banga,LIT,0,1112.11340332,2025-08-15,2025-08-25
None,Zlatibor,SRB,1,1111.88037109,2025-08-16,2025-08-25
None,Torpedo Zhodino,BLR,0,1110.61962891,2025-08-15,2025-08-25
None,Botev Vratsa,BUL,1,1109.41870117,2025-08-18,2025-08-25
None,Nis,SRB,1,1108.18078613,2025-08-18,2025-08-25
None,Milsami Orhei,MOL,0,1106.46777344,2025-08-15,2025-08-25
None,Hegelmann,LIT,0,1105.82617188,2025-08-15,2025-08-25
None,Septemvri Sofia,BUL,1,1101.59985352,2025-08-15,2025-08-18
None,Hamrun,MLT,0,1099.0012207,2025-08-15,2025-08-25
None,Decic,MNT,0,1098.26611328,2025-08-01,2025-08-25
None,Krusevac,SRB,1,1097.13916016,2025-08-18,2025-08-25
None,Vardar,MAC,0,1095.60180664,2025-08-13,2025-08-25
None,Sileks,MAC,0,1086.93725586,2025-08-13,2025-08-25
None,Paide Linnameeskond,EST,0,1082.50500488,2025-08-15,2025-08-25
None,Sutjeska,MNT,0,1082.16503906,2025-08-01,2025-08-25
None,Rabotnicki,MAC,0,1077.22460938,2025-08-13,2025-08-25
None,Differdang,LUX,0,1077.19299316,2025-08-15,2025-08-25
None,Radnik Surdulica,SRB,1,1075.63696289,2025-08-17,2025-08-25
None,Dobrudzha,BUL,1,1075.18151855,2025-08-15,2025-08-18
None,Nomme Kalju,EST,0,1067.47192383,2025-08-15,2025-08-25
None,Prishtine,KOS,0,1067.16113281,2025-08-15,2025-08-25
None,Larne,NIR,0,1066.55737305,2025-08-15,2025-08-25
None,The New Saints,WAL,0,1066.45996094,2025-07-30,2025-08-25
None,Ivanjica,SRB,1,1062.67919922,2025-08-17,2025-08-25
None,R Letzebuerg,LUX,0,1060.97998047,2025-08-15,2025-08-25
None,Dungannon,NIR,0,1059.46276855,2025-08-15,2025-08-25
None,Floriana,MLT,0,1056.42333984,2025-08-15,2025-08-25
None,Blagoevgrad,BUL,1,1053.99914551,2025-08-15,2025-08-25
None,Una Strassen,LUX,0,1053.04541016,2025-08-15,2025-08-25
None,FC Infonet,EST,0,1050.11779785,2025-08-15,2025-08-25
None,HB Torshavn,FAR,0,1050.01196289,2025-08-15,2025-08-25
None,Montana 1921,BUL,1,1049.13891602,2025-08-16,2025-08-25
None,Hibernians Paola,MLT,0,1048.27441406,2025-08-15,2025-08-25
None,Birkirkara,MLT,0,1043.83825684,2025-08-15,2025-08-25
None,Dudelange,LUX,0,1040.85974121,2025-08-15,2025-08-25
None,Malisheva,KOS,0,1040.26306152,2025-08-15,2025-08-25
None,Cliftonville,NIR,0,1040.16564941,2025-08-15,2025-08-25
None,Runavik,FAR,0,1039.26025391,2025-08-15,2025-08-25
None,Hebar,BUL,1,1036.97155762,2025-08-15,2025-08-25
None,Podgorica,MNT,0,1034.60974121,2025-08-01,2025-08-25
None,Gota,FAR,0,1033.24377441,2025-08-15,2025-08-25
None,Lincoln,GIB,0,1020.89971924,2025-08-15,2025-08-21
None,Escaldes,AND,0,1002.05847168,2025-08-01,2025-08-25
None,Penybont,WAL,0,988.12121582,2025-07-30,2025-08-25
None,Haverfordwest,WAL,0,985.383117676,2025-07-30,2025-08-25
None,Santa Coloma,AND,0,954.309020996,2025-08-01,2025-08-25
None,St Josephs,GIB,0,949.638366699,2025-08-15,2025-08-25
None,Atletic Club Escaldes,AND,0,944.226379395,2025-08-01,2025-08-25
None,FCB Magpies,GIB,0,916.562011719,2025-08-15,2025-08-25
None,SS Virtus,SMR,0,768.95111084,2025-08-15,2025-08-25
None,Tre Fiori,SMR,0,736.799255371,2025-08-15,2025-08-25
None,La Fiorita,SMR,0,716.78692627,2025-08-15,2025-08-25


